aelius          aelius <aelius_AT_wescamp_DOT_wesnoth_DOT_org>
baufo           baufo <baufo_AT_wescamp_DOT_wesnoth_DOT_org>
berli           Elias Pschernig <allefant_AT_gmail_DOT_com>
elvish_pillager elvish_pillager <elvish_pillager_AT_wescamp_DOT_wesnoth_DOT_org>
espreon         Espreon <Majora700_AT_gmail_DOT_com>
esr             Eric S_DOT_ Raymond <esr_AT_thyrsus_DOT_com>
genosuke        genosuke <genosuke_AT_wescamp_DOT_wesnoth_DOT_org>
ivanovic        Nils Kneuper <crazy-ivanovic_AT_gmx_DOT_net>
madmax          madmax <madmax_AT_wescamp_DOT_wesnoth_DOT_org>
markp           markp <markp_AT_wescamp_DOT_wesnoth_DOT_org>
mordante        Mark de Wever <koraq_AT_xs4all_DOT_nl>
nikita          Nikita Kitaev <nikitakit_AT_gmail_DOT_com>
noyga           Benoît Timbert (Noyga) <benoit_DOT_timbert_AT_free_DOT_fr>
quartex         quartex <quartex_AT_wescamp_DOT_wesnoth_DOT_org>
santi           santi <santi_AT_wescamp_DOT_wesnoth_DOT_org>
sapient         sapient <sapient_AT_wescamp_DOT_wesnoth_DOT_org>
scottk          scottk <scottk_AT_wescamp_DOT_wesnoth_DOT_org>
shadowmaster    Ignacio R_DOT_ Morelle <shadowm_AT_wesnoth_DOT_org>
szopen          szopen <szopen_AT_wescamp_DOT_wesnoth_DOT_org>
tapik           Oto tapik Buchta <tapik_AT_buchtovi_DOT_cz>
taurus          taurus <taurus_AT_wescamp_DOT_wesnoth_DOT_org>
torangan        David Philippi <david_AT_torangan_DOT_de>
turin           turin <turin_AT_wescamp_DOT_wesnoth_DOT_org>
wsultzbach      wsultzbach <wsultzbach_AT_wescamp_DOT_wesnoth_DOT_org>
zaimoni         zaimoni <zaimoni_AT_wescamp_DOT_wesnoth_DOT_org>
